﻿<?xml version="1.0" encoding="UTF-8"?>
<gmd:MD_Metadata xmlns:gmd="http://www.isotc211.org/2005/gmd" xmlns:gco="http://www.isotc211.org/2005/gco" xmlns:gml="http://www.opengis.net/gml" xmlns:gmx="http://www.isotc211.org/2005/gmx" xmlns:gsr="http://www.isotc211.org/2005/gsr" xmlns:gss="http://www.isotc211.org/2005/gss" xmlns:gts="http://www.isotc211.org/2005/gts" xmlns:srv="http://www.isotc211.org/2005/srv" xmlns:xlink="http://www.w3.org/1999/xlink" xmlns:xsi="http://www.w3.org/2001/XMLSchema-instance" xsi:schemaLocation="http://www.isotc211.org/2005/srv http://schemas.opengis.net/iso/19139/20060504/srv/srv.xsd http://www.isotc211.org/2005/gmd http://schemas.opengis.net/iso/19139/20060504/gmd/gmd.xsd">
  <!--@twsmp:{"description":"","excludedChildren":[],"hint":"","mustHandleChildren":[],"questionInfo":null,"template":-1}-->
  <gmd:fileIdentifier>
    <gco:CharacterString>TW-07-301000100G-000001</gco:CharacterString>
  </gmd:fileIdentifier>
  <gmd:language>
    <gco:CharacterString>chi</gco:CharacterString>
  </gmd:language>
  <gmd:characterSet>
    <gmd:MD_CharacterSetCode codeList="http://www.isotc211.org/2005/resources/codeList.xml#MD_CharacterSetCode" codeListValue="utf8" codeSpace="ISOTC211/19115">utf8</gmd:MD_CharacterSetCode>
  </gmd:characterSet>
  <gmd:parentIdentifier>
    <gco:CharacterString />
  </gmd:parentIdentifier>
  <gmd:contact xlink:type="simple">
    <gmd:CI_ResponsibleParty>
      <gmd:individualName>
        <gco:CharacterString>蕭先生</gco:CharacterString>
      </gmd:individualName>
      <gmd:organisationName>
        <gco:CharacterString>內政部國土測繪中心</gco:CharacterString>
      </gmd:organisationName>
      <gmd:positionName>
        <gco:CharacterString>技士</gco:CharacterString>
      </gmd:positionName>
      <gmd:contactInfo xlink:type="simple">
        <gmd:CI_Contact>
          <gmd:phone xlink:type="simple">
            <gmd:CI_Telephone>
              <gmd:voice>
                <gco:CharacterString>+886-4-22522966#302</gco:CharacterString>
              </gmd:voice>
            </gmd:CI_Telephone>
          </gmd:phone>
          <gmd:address xlink:type="simple">
            <gmd:CI_Address>
              <gmd:deliveryPoint>
                <gco:CharacterString>臺中市南屯區黎明路二段497號4樓</gco:CharacterString>
              </gmd:deliveryPoint>
              <gmd:city>
                <gco:CharacterString>臺中市</gco:CharacterString>
              </gmd:city>
              <gmd:postalCode>
                <gco:CharacterString>408</gco:CharacterString>
              </gmd:postalCode>
              <gmd:country>
                <gco:CharacterString>中華民國</gco:CharacterString>
              </gmd:country>
              <gmd:electronicMailAddress>
                <gco:CharacterString>23134@mail.nlsc.gov.tw</gco:CharacterString>
              </gmd:electronicMailAddress>
            </gmd:CI_Address>
          </gmd:address>
        </gmd:CI_Contact>
      </gmd:contactInfo>
      <gmd:role>
        <gmd:CI_RoleCode codeList="http://www.isotc211.org/2005/resources/codeList.xml#CI_RoleCode" codeListValue="pointOfContact" codeSpace="ISOTC211/19115">pointOfContact</gmd:CI_RoleCode>
      </gmd:role>
    </gmd:CI_ResponsibleParty>
  </gmd:contact>
  <gmd:dateStamp>
    <gco:Date>2018-04-01</gco:Date>
  </gmd:dateStamp>
  <gmd:metadataStandardName>
    <gco:CharacterString>TWSMP</gco:CharacterString>
  </gmd:metadataStandardName>
  <gmd:metadataStandardVersion>
    <gco:CharacterString>2.0</gco:CharacterString>
  </gmd:metadataStandardVersion>
  <gmd:referenceSystemInfo xlink:type="simple">
    <gmd:MD_ReferenceSystem>
      <gmd:referenceSystemIdentifier xlink:type="simple">
        <gmd:RS_Identifier>
          <gmd:code>
            <gco:CharacterString>EPSG:3826(TWD97/121分帶)</gco:CharacterString>
          </gmd:code>
        </gmd:RS_Identifier>
      </gmd:referenceSystemIdentifier>
    </gmd:MD_ReferenceSystem>
  </gmd:referenceSystemInfo>
  <gmd:identificationInfo xlink:type="simple">
    <gmd:MD_DataIdentification>
      <gmd:citation xlink:type="simple">
        <gmd:CI_Citation>
          <gmd:title>
            <gco:CharacterString>村里界圖(TWD97_121分帶)</gco:CharacterString>
          </gmd:title>
          <gmd:date xlink:type="simple">
            <gmd:CI_Date>
              <gmd:date>
                <gco:Date>2017-12-25</gco:Date>
              </gmd:date>
              <gmd:dateType>
                <gmd:CI_DateTypeCode codeList="http://www.isotc211.org/2005/resources/codeList.xml#CI_DateTypeCode" codeListValue="creation" codeSpace="ISOTC211/19115">creation</gmd:CI_DateTypeCode>
              </gmd:dateType>
            </gmd:CI_Date>
          </gmd:date>
          <gmd:date xlink:type="simple">
            <gmd:CI_Date>
              <gmd:date>
                <gco:Date>2018-03-12</gco:Date>
              </gmd:date>
              <gmd:dateType>
                <gmd:CI_DateTypeCode codeList="http://www.isotc211.org/2005/resources/codeList.xml#CI_DateTypeCode" codeListValue="revision" codeSpace="ISOTC211/19115">revision</gmd:CI_DateTypeCode>
              </gmd:dateType>
            </gmd:CI_Date>
          </gmd:date>
          <gmd:date xlink:type="simple">
            <gmd:CI_Date>
              <gmd:date>
                <gco:Date>2018-04-01</gco:Date>
              </gmd:date>
              <gmd:dateType>
                <gmd:CI_DateTypeCode codeList="http://www.isotc211.org/2005/resources/codeList.xml#CI_DateTypeCode" codeListValue="publication" codeSpace="ISOTC211/19115">publication</gmd:CI_DateTypeCode>
              </gmd:dateType>
            </gmd:CI_Date>
          </gmd:date>
          <gmd:citedResponsibleParty xlink:type="simple">
            <gmd:CI_ResponsibleParty>
              <gmd:individualName>
                <gco:CharacterString />
              </gmd:individualName>
              <gmd:organisationName>
                <gco:CharacterString>內政部民政司(內政部國土測繪中心圖資維護)</gco:CharacterString>
              </gmd:organisationName>
              <gmd:positionName>
                <gco:CharacterString />
              </gmd:positionName>
              <gmd:contactInfo xlink:type="simple">
                <gmd:CI_Contact>
                  <gmd:phone xlink:type="simple">
                    <gmd:CI_Telephone>
                      <gmd:voice>
                        <gco:CharacterString>+886-4-22522966#302</gco:CharacterString>
                      </gmd:voice>
                    </gmd:CI_Telephone>
                  </gmd:phone>
                </gmd:CI_Contact>
              </gmd:contactInfo>
              <gmd:role>
                <gmd:CI_RoleCode codeList="http://www.isotc211.org/2005/resources/codeList.xml#CI_RoleCode" codeListValue="custodian" codeSpace="ISOTC211/19115">custodian</gmd:CI_RoleCode>
              </gmd:role>
            </gmd:CI_ResponsibleParty>
          </gmd:citedResponsibleParty>
        </gmd:CI_Citation>
      </gmd:citation>
      <gmd:abstract>
        <gco:CharacterString>各縣市村(里)界</gco:CharacterString>
      </gmd:abstract>
      <gmd:purpose>
        <gco:CharacterString>提供瞭解村里界範圍</gco:CharacterString>
      </gmd:purpose>
      <gmd:status>
        <gmd:MD_ProgressCode codeList="http://www.isotc211.org/2005/resources/codeList.xml#MD_ProgressCode" codeListValue="completed" codeSpace="ISOTC211/19115">completed</gmd:MD_ProgressCode>
      </gmd:status>
      <gmd:pointOfContact xlink:type="simple">
        <gmd:CI_ResponsibleParty>
          <gmd:individualName>
            <gco:CharacterString />
          </gmd:individualName>
          <gmd:organisationName>
            <gco:CharacterString>內政部民政司(內政部國土測繪中心圖資維護)</gco:CharacterString>
          </gmd:organisationName>
          <gmd:positionName>
            <gco:CharacterString />
          </gmd:positionName>
          <gmd:contactInfo xlink:type="simple">
            <gmd:CI_Contact>
              <gmd:phone xlink:type="simple">
                <gmd:CI_Telephone>
                  <gmd:voice>
                    <gco:CharacterString>+886-4-22522966#302</gco:CharacterString>
                  </gmd:voice>
                </gmd:CI_Telephone>
              </gmd:phone>
            </gmd:CI_Contact>
          </gmd:contactInfo>
          <gmd:role>
            <gmd:CI_RoleCode codeList="http://www.isotc211.org/2005/resources/codeList.xml#CI_RoleCode" codeListValue="pointOfContact" codeSpace="ISOTC211/19115">pointOfContact</gmd:CI_RoleCode>
          </gmd:role>
        </gmd:CI_ResponsibleParty>
      </gmd:pointOfContact>
      <gmd:resourceMaintenance xlink:type="simple">
        <gmd:MD_MaintenanceInformation>
          <gmd:maintenanceAndUpdateFrequency>
            <gmd:MD_MaintenanceFrequencyCode codeList="http://www.isotc211.org/2005/resources/codeList.xml#MD_MaintenanceFrequencyCode" codeListValue="asNeeded" codeSpace="ISOTC211/19115">asNeeded</gmd:MD_MaintenanceFrequencyCode>
          </gmd:maintenanceAndUpdateFrequency>
        </gmd:MD_MaintenanceInformation>
      </gmd:resourceMaintenance>
      <gmd:descriptiveKeywords xlink:type="simple">
        <gmd:MD_Keywords>
          <gmd:keyword>
            <gco:CharacterString>村里、村里界、村里界圖</gco:CharacterString>
          </gmd:keyword>
          <gmd:type>
            <gmd:MD_KeywordTypeCode codeList="http://www.isotc211.org/2005/resources/codeList.xml#MD_KeywordTypeCode" codeListValue="theme" codeSpace="ISOTC211/19115">theme</gmd:MD_KeywordTypeCode>
          </gmd:type>
        </gmd:MD_Keywords>
      </gmd:descriptiveKeywords>
      <gmd:spatialRepresentationType>
        <gmd:MD_SpatialRepresentationTypeCode codeList="http://www.isotc211.org/2005/resources/codeList.xml#MD_SpatialRepresentationTypeCode" codeListValue="vector" codeSpace="ISOTC211/19115">vector</gmd:MD_SpatialRepresentationTypeCode>
      </gmd:spatialRepresentationType>
      <gmd:language>
        <gco:CharacterString>chi</gco:CharacterString>
      </gmd:language>
      <gmd:characterSet>
        <gmd:MD_CharacterSetCode codeList="http://www.isotc211.org/2005/resources/codeList.xml#MD_CharacterSetCode" codeListValue="utf8" codeSpace="ISOTC211/19115">utf8</gmd:MD_CharacterSetCode>
      </gmd:characterSet>
      <gmd:topicCategory>
        <gmd:MD_TopicCategoryCode>boundaries</gmd:MD_TopicCategoryCode>
      </gmd:topicCategory>
      <gmd:extent xlink:type="simple">
        <gmd:EX_Extent>
          <gmd:geographicElement xlink:type="simple">
            <gmd:EX_GeographicBoundingBox>
              <gmd:westBoundLongitude>
                <gco:Decimal>120.00</gco:Decimal>
              </gmd:westBoundLongitude>
              <gmd:eastBoundLongitude>
                <gco:Decimal>122.01</gco:Decimal>
              </gmd:eastBoundLongitude>
              <gmd:southBoundLatitude>
                <gco:Decimal>21.90</gco:Decimal>
              </gmd:southBoundLatitude>
              <gmd:northBoundLatitude>
                <gco:Decimal>26.38</gco:Decimal>
              </gmd:northBoundLatitude>
            </gmd:EX_GeographicBoundingBox>
          </gmd:geographicElement>
        </gmd:EX_Extent>
      </gmd:extent>
    </gmd:MD_DataIdentification>
  </gmd:identificationInfo>
  <gmd:distributionInfo xlink:type="simple">
    <gmd:MD_Distribution>
      <gmd:distributor xlink:type="simple">
        <gmd:MD_Distributor>
          <gmd:distributorContact xlink:type="simple">
            <gmd:CI_ResponsibleParty>
              <gmd:individualName>
                <gco:CharacterString>吳先生</gco:CharacterString>
              </gmd:individualName>
              <gmd:organisationName>
                <gco:CharacterString>內政部國土測繪中心</gco:CharacterString>
              </gmd:organisationName>
              <gmd:positionName>
                <gco:CharacterString>技士</gco:CharacterString>
              </gmd:positionName>
              <gmd:contactInfo xlink:type="simple">
                <gmd:CI_Contact>
                  <gmd:phone xlink:type="simple">
                    <gmd:CI_Telephone>
                      <gmd:voice>
                        <gco:CharacterString>+886-4-22522966#335</gco:CharacterString>
                      </gmd:voice>
                    </gmd:CI_Telephone>
                  </gmd:phone>
                </gmd:CI_Contact>
              </gmd:contactInfo>
              <gmd:role>
                <gmd:CI_RoleCode codeList="http://www.isotc211.org/2005/resources/codeList.xml#CI_RoleCode" codeListValue="distributor" codeSpace="ISOTC211/19115">distributor</gmd:CI_RoleCode>
              </gmd:role>
            </gmd:CI_ResponsibleParty>
          </gmd:distributorContact>
          <gmd:distributionOrderProcess xlink:type="simple">
            <gmd:MD_StandardOrderProcess>
              <gmd:fees>
                <gco:CharacterString>免費</gco:CharacterString>
              </gmd:fees>
              <gmd:orderingInstructions>
                <gco:CharacterString>直接下載</gco:CharacterString>
              </gmd:orderingInstructions>
            </gmd:MD_StandardOrderProcess>
          </gmd:distributionOrderProcess>
          <gmd:distributorFormat xlink:type="simple">
            <gmd:MD_Format>
              <gmd:name>
                <gco:CharacterString>ESRI SHP</gco:CharacterString>
              </gmd:name>
              <gmd:version>
                <gco:CharacterString>無</gco:CharacterString>
              </gmd:version>
            </gmd:MD_Format>
          </gmd:distributorFormat>
        </gmd:MD_Distributor>
      </gmd:distributor>
    </gmd:MD_Distribution>
  </gmd:distributionInfo>
</gmd:MD_Metadata>

